DepartamentoDelPredio,MunicipioDelPredio,CodigoDANE,NumeroDeSolicitudes,NumeroDePredios,NumeroDeTitulares
Amazonas,El Encanto,91263,10,9,7
Amazonas,La Chorrera,91405,4,4,4
Amazonas,La Pedrera,91407,4,4,2
Amazonas,La Victoria,91430,6,6,5
Amazonas,Miriti - Paraná,91460,2,2,2
Santander,Bucaramanga,68001,95,89,76
Amazonas,Tarapacá,91798,2,2,2
Antioquia,Abejorral,5002,76,67,74
Antioquia,Alejandría,5021,44,42,33
Antioquia,Amagá,5030,24,24,20
Tolima,Casabianca,73152,94,81,70
Antioquia,Angelópolis,5036,18,18,17
Antioquia,Angostura,5038,56,45,51
Cundinamarca,Pacho,25513,118,118,71
Antioquia,Anza,5044,22,22,21
Magdalena,El Banco,47245,54,53,51
Antioquia,Armenia,5059,23,23,17
Antioquia,Barbosa,5079,61,56,53
Antioquia,Bello,5088,199,167,171
Antioquia,Belmira,5086,9,9,7
Antioquia,Betania,5091,69,67,56
Bolívar,Santa Rosa Del Sur,13688,158,153,141
Antioquia,Caicedo,5125,15,13,11
Antioquia,Caldas,5129,27,22,27
Antioquia,Mutatá,5480,763,740,665
Córdoba,Ure,23682,427,405,387
Antioquia,Caracolí,5142,6,6,6
Antioquia,Caramanta,5145,22,17,21
Chocó,Acandí,27006,178,153,169
Antioquia,Carolina,5150,3,3,3
Cauca,Argelia,19050,502,461,461
Antioquia,Cisneros,5190,3,3,3
Santander,Barbosa,68077,10,10,9
Valle Del Cauca,La Unión,76400,22,22,20
Antioquia,Concepción,5206,34,34,28
Antioquia,Concordia,5209,41,41,36
Cauca,La Vega,19397,379,350,335
Antioquia,Don Matías,5237,9,9,7
Antioquia,Ebéjico,5240,8,7,7
Putumayo,Mocoa,86001,215,204,203
Antioquia,El Carmen De Viboral,5148,185,168,157
Antioquia,Entrerrios,5264,13,13,10
Antioquia,Envigado,5266,14,14,14
Antioquia,Fredonia,5282,20,17,15
Antioquia,Giraldo,5306,21,21,21
Antioquia,Girardota,5308,55,48,55
Antioquia,Gómez Plata,5310,25,25,24
Bolívar,Río Viejo,13600,59,56,53
Antioquia,Urrao,5847,251,236,210
Antioquia,Guatapé,5321,23,22,20
Antioquia,Heliconia,5347,82,62,75
Antioquia,Hispania,5353,2,0,2
Antioquia,Itaguí,5360,30,29,24
Caquetá,Curillo,18205,273,266,263
Antioquia,Jardín,5364,8,6,7
Antioquia,Jericó,5368,8,8,8
Antioquia,La Ceja,5376,11,11,9
Antioquia,La Estrella,5380,12,12,12
Antioquia,La Pintada,5390,10,9,7
Antioquia,La Unión,5400,48,27,37
Antioquia,Liborina,5411,11,11,11
Antioquia,Maceo,5425,103,92,91
Antioquia,Marinilla,5440,11,11,11
Meta,Vistahermosa,50711,1017,953,894
Antioquia,Murindó,5475,12,11,12
Antioquia,MEDELLÍN,5001,1198,1103,1097
Caldas,Manzanares,17433,46,42,36
Antioquia,Olaya,5501,7,7,6
Antioquia,Peñol,5541,34,29,32
Antioquia,Peque,5543,52,48,48
Antioquia,Puerto Berrío,5579,93,90,82
Antioquia,Puerto Triunfo,5591,85,81,73
Tolima,Rovira,73624,312,287,261
Cesar,Pueblo Bello,20570,277,258,235
Antioquia,Rionegro,5615,25,24,22
Santander,California,68132,8,6,8
Antioquia,San Jerónimo,5656,24,23,21
Antioquia,San José De La Montaña,5658,2,2,2
Cauca,Timbiquí,19809,106,94,99
Antioquia,San Pedro,5664,10,10,7
Magdalena,Tenerife,47798,194,182,183
Caquetá,La Montañita,18410,572,547,544
Antioquia,Santa Bárbara,5679,30,27,30
Antioquia,Santa Rosa De Osos,5686,27,26,22
Antioquia,Santafé De Antioquia,5042,32,29,27
Antioquia,Santo Domingo,5690,86,85,75
Caquetá,Cartagena Del Chairá,18150,1154,1126,1104
Antioquia,Sopetrán,5761,13,13,12
Antioquia,Támesis,5789,79,75,74
Antioquia,Titiribí,5809,3,3,3
Antioquia,Uramita,5842,48,37,39
Antioquia,El Santuario,5697,25,24,21
Antioquia,Valparaíso,5856,5,5,5
Santander,San Andrés,68669,13,13,13
Antioquia,Venecia,5861,14,14,14
Antioquia,Vigía Del Fuerte,5873,43,43,37
Antioquia,Yalí,5885,51,39,42
Amazonas,Puerto Santander,91669,21,18,18
Meta,Restrepo,50606,26,25,23
Santander,Molagavita,68468,7,7,6
Norte Santander,Toledo,54820,43,42,41
Cesar,Bosconia,20060,83,77,77
Atlántico,Baranoa,8078,7,7,7
Atlántico,Barranquilla,8001,181,176,156
Atlántico,Campo De La Cruz,8137,4,4,1
Atlántico,Candelaria,8141,1,1,1
Atlántico,Galapa,8296,8,7,8
Atlántico,Juan De Acosta,8372,8,8,8
Atlántico,Luruaco,8421,17,17,11
Magdalena,El Retén,47268,21,14,20
Atlántico,Manatí,8436,12,12,12
Atlántico,Palmar De Varela,8520,2,2,2
Atlántico,Piojó,8549,95,82,89
Atlántico,Polonuevo,8558,6,5,6
Atlántico,Ponedera,8560,134,101,94
Atlántico,Puerto Colombia,8573,10,10,10
Atlántico,Repelón,8606,45,42,39
Atlántico,Sabanagrande,8634,4,4,4
Atlántico,Sabanalarga,8638,23,18,21
Atlántico,Santo Tomás,8685,2,2,2
Antioquia,Betulia,5093,91,83,72
Atlántico,Suan,8770,3,3,2
Atlántico,Usiacurí,8849,2,2,2
Bolívar,Achí,13006,140,135,128
Bolívar,Altos Del Rosario,13030,49,43,43
Bolívar,Arjona,13052,130,44,125
Bolívar,Arroyohondo,13062,16,15,14
Bolívar,Barranco De Loba,13074,69,65,60
Antioquia,Caucasia,5154,518,505,484
Cesar,Astrea,20032,104,103,95
Bolívar,Cicuco,13188,1,1,1
Bolívar,Clemencia,13222,35,35,31
Antioquia,Montebello,5467,525,499,474
Norte Santander,San Calixto,54670,108,104,97
Bolívar,El Guamo,13248,73,68,54
Bolívar,El Peñón,13268,6,6,6
Bolívar,Magangué,13430,32,31,27
Cesar,La Gloria,20383,575,505,548
La Guajira,Villanueva,44874,90,84,78
Bolívar,Montecristo,13458,100,97,94
Meta,Mapiripán,50325,1624,1543,1413
Bolívar,Pinillos,13549,25,20,23
Bolívar,Regidor,13580,43,38,41
Antioquia,Necoclí,5490,864,820,776
Bolívar,San Cristóbal,13620,12,12,12
Bolívar,San Estanislao,13647,56,54,52
Bolívar,San Fernando,13650,2,2,2
Santander,El Carmen De Chucurí,68235,414,388,362
Bolívar,San Martín De Loba,13667,101,100,96
Bolívar,Santa Catalina,13673,18,17,12
Bolívar,Santa Rosa,13683,23,23,19
Córdoba,Montería,23001,1455,1335,1286
Bolívar,Soplaviento,13760,4,4,4
Bolívar,Talaigua Nuevo,13780,5,4,5
Bolívar,Tiquisio,13810,125,114,115
Bolívar,Turbaco,13836,96,88,66
Nariño,Mallama,52435,60,57,56
Boyacá,Almeida,15022,3,3,2
Boyacá,Aquitania,15047,64,62,46
Boyacá,Arcabuco,15051,1,1,1
Boyacá,Belén,15087,1,1,1
Boyacá,Berbeo,15090,10,7,8
Boyacá,Boavita,15097,1,1,1
Boyacá,Briceño,15106,6,6,6
Boyacá,Buenavista,15109,1,1,1
Boyacá,Caldas,15131,2,2,2
Boyacá,Campohermoso,15135,5,5,4
Boyacá,Chiquinquirá,15176,3,3,3
Boyacá,Chiscas,15180,16,16,14
Boyacá,Chitaraque,15185,1,1,1
Boyacá,Chivor,15236,19,19,19
Boyacá,Covarachía,15218,1,1,1
Boyacá,Cuítiva,15226,8,8,8
Boyacá,El Cocuy,15244,6,6,6
Boyacá,El Espino,15248,9,8,8
Boyacá,Floresta,15276,1,1,1
Boyacá,Gachantivá,15293,2,2,2
Boyacá,Garagoa,15299,1,1,1
Boyacá,Guacamayas,15317,1,1,1
Boyacá,Guateque,15322,8,8,8
Boyacá,Guayatá,15325,4,4,4
Boyacá,Guouicán,15332,18,18,14
Boyacá,Jenesano,15367,1,1,0
Boyacá,Jericó,15368,4,4,4
Boyacá,La Victoria,15401,5,2,5
Boyacá,Macanal,15425,7,7,4
Boyacá,Miraflores,15455,21,21,17
Boyacá,Mongua,15464,11,11,8
Boyacá,Moniquirá,15469,1,1,1
Boyacá,Muzo,15480,23,19,19
Boyacá,Otanche,15507,52,43,44
Boyacá,Paipa,15516,7,7,6
Boyacá,Pajarito,15518,43,25,41
Boyacá,Panqueba,15522,2,2,1
Boyacá,Pauna,15531,22,16,18
Tolima,Ataco,73067,1613,1409,1259
Boyacá,Pesca,15542,7,6,7
Putumayo,Puerto Caicedo,86569,822,805,766
Boyacá,Quípama,15580,37,34,30
Boyacá,Ramiriquí,15599,5,5,1
Boyacá,Samacá,15646,1,1,1
Boyacá,San Eduardo,15660,4,4,2
Boyacá,San Luis De Gaceno,15667,17,17,14
Boyacá,San Mateo,15673,9,9,8
Boyacá,San Pablo De Borbur,15681,24,22,21
Boyacá,Santa María,15690,3,3,2
Boyacá,Santa Sofía,15696,1,1,1
Boyacá,Soatá,15753,1,1,1
Boyacá,Socotá,15755,93,61,51
Boyacá,Sogamoso,15759,4,4,4
Boyacá,Sotaquirá,15763,5,5,5
Boyacá,Susacón,15774,4,4,4
Boyacá,Tipacoque,15810,1,1,1
Boyacá,Toguouí,15816,1,1,1
Boyacá,Tota,15822,1,1,1
Boyacá,Tunja,15001,2,2,2
Boyacá,Tununguá,15832,1,1,1
Boyacá,Turmequé,15835,1,1,1
Boyacá,Tuta,15837,1,1,1
Boyacá,Tutazá,15839,1,1,1
Boyacá,Umbita,15842,3,3,3
Boyacá,Villa De Leyva,15407,3,3,3
Boyacá,Viracachá,15879,1,1,1
Boyacá,Zetaquira,15897,3,3,3
Caldas,Aguadas,17013,65,57,58
Caldas,Anserma,17042,98,89,76
Caldas,Belalcázar,17088,12,11,11
Caldas,Chinchiná,17174,13,13,5
Caldas,Filadelfia,17272,21,21,21
Caldas,La Dorada,17380,79,71,61
Caldas,La Merced,17388,23,20,14
Guaviare,San José Del Guaviare,95001,965,924,871
Caldas,Marmato,17442,12,12,10
Caldas,Marquetalia,17444,32,32,28
Caldas,Marulanda,17446,38,35,26
Caldas,Neira,17486,10,10,10
Caldas,Norcasia,17495,58,50,46
Caldas,Pácora,17513,54,53,42
Caldas,Palestina,17524,4,4,4
Córdoba,Puerto Libertador,23580,259,246,225
Caldas,Riosucio,17614,84,82,74
Caldas,Risaralda,17616,15,13,15
Caldas,Salamina,17653,111,94,77
Antioquia,San Luis,5660,407,358,372
Caldas,San José,17665,5,5,5
Caldas,Supía,17777,24,21,24
Caldas,Victoria,17867,61,59,54
Caldas,Villamaría,17873,24,23,19
Caldas,Viterbo,17877,7,7,7
Caquetá,El Doncello,18247,164,159,148
Caquetá,El Paujil,18256,125,93,120
Bolívar,Cartagena,13001,225,202,214
Caquetá,Morelia,18479,92,90,86
Cesar,Aguachica,20011,387,377,329
Tolima,Purificación,73585,52,52,50
Tolima,San Antonio,73675,307,248,276
Tolima,Chaparral,73168,583,485,523
Antioquia,Nariño,5483,237,208,209
Casanare,Chameza,85015,24,24,22
Antioquia,Buriticá,5113,30,22,28
Casanare,La Salina,85136,8,8,7
Casanare,Maní,85139,171,137,143
Casanare,Monterrey,85162,125,93,101
Casanare,Aguazul,85010,167,150,149
Casanare,Orocué,85230,155,141,139
Casanare,Pore,85263,115,107,108
Casanare,Recetor,85279,18,17,16
Casanare,Sabanalarga,85300,44,31,39
Casanare,Sácama,85315,21,21,21
Casanare,San Luis De Palenque,85325,91,73,78
Casanare,Támara,85400,52,49,44
Casanare,Tauramena,85410,173,159,146
Norte Santander,Tibú,54810,2153,1977,1691
Sucre,Coveñas,70221,8,7,7
Casanare,Nunchía,85225,92,83,79
Antioquia,Guarne,5318,49,48,43
Tolima,Alvarado,73026,98,88,89
Antioquia,Campamento,5134,43,39,41
Antioquia,Valdivia,5854,146,130,132
Cauca,Caloto,19142,77,65,70
Cauca,Corinto,19212,119,110,107
Cauca,Florencia,19290,15,13,14
Vichada,La Primavera,99524,157,154,148
Antioquia,Chigorodó,5172,539,502,477
Cauca,Jambaló,19364,22,22,21
Córdoba,Ayapel,23068,152,144,139
Cauca,López,19418,148,129,129
Magdalena,Chibolo,47170,484,447,413
Cauca,Miranda,19455,73,73,70
Cauca,Padilla,19513,8,8,8
Putumayo,San Miguel,86757,1003,976,933
Cauca,Piendamó,19548,61,56,55
Cesar,Chimichagua,20175,219,206,191
Cauca,Puerto Tejada,19573,32,30,31
Antioquia,Cañasgordas,5138,136,126,126
Nariño,El Charco,52250,129,122,115
Cauca,Santander De Quilichao,19698,249,242,232
Cauca,Silvia,19743,147,144,146
Cauca,Sotará,19760,46,45,45
Cauca,Sucre,19785,72,59,68
Antioquia,Cáceres,5120,1192,1088,1118
Cauca,Toribio,19821,69,68,62
Cauca,Totoró,19824,89,86,87
Cauca,Villa Rica,19845,8,8,8
Nariño,La Unión,52399,362,360,348
Tolima,Melgar,73449,20,18,15
Risaralda,Quinchía,66594,369,359,315
Huila,Palestina,41530,23,20,22
Bolívar,El Carmen De Bolívar,13244,2776,2425,2526
Magdalena,Aracataca,47053,567,537,504
Cesar,El Paso,20250,119,119,98
Cesar,Gamarra,20295,47,44,43
Cesar,González,20310,3,3,3
Cesar,Pelaya,20550,468,417,405
Cesar,La Paz,20621,288,248,245
Cesar,Río De Oro,20614,215,168,166
Cesar,San Diego,20750,346,268,310
Cesar,San Martín,20770,438,423,392
Cesar,Tamalameque,20787,200,186,156
Norte Santander,Sardinata,54720,367,350,322
Chocó,Atrato,27050,12,12,11
Chocó,Bagadó,27073,112,110,95
Chocó,Bahía Solano,27075,58,57,37
Chocó,Bajo Baudó,27077,22,20,18
Meta,Villavicencio,50001,383,366,327
Chocó,Cértegui,27160,14,13,14
Chocó,Condoto,27205,28,26,26
Chocó,El Cantón Del San Pablo,27135,7,7,7
Chocó,El Carmen De Atrato,27245,187,167,176
Chocó,El Litoral Del San Juan,27250,30,29,27
Chocó,Istmina,27361,74,74,54
Chocó,Juradó,27372,56,23,55
Chocó,Lloró,27413,24,24,21
Sucre,Morroa,70473,530,421,470
Chocó,Medio Baudó,27430,47,40,43
Chocó,Medio San Juan,27450,24,23,24
Chocó,Nuquí,27495,21,20,19
Chocó,Quibdó,27001,203,193,166
Chocó,Río Iro,27580,112,110,67
Chocó,Río Quito,27600,18,17,18
Sucre,Buenavista,70110,25,24,25
Tolima,Armero,73055,69,67,60
Chocó,Sipí,27745,24,23,19
Chocó,Tadó,27787,228,215,212
Chocó,Unguía,27800,264,231,228
Chocó,Unión Panamericana,27810,12,12,11
La Guajira,Riohacha,44001,341,313,309
Córdoba,Buenavista,23079,39,37,35
Quindío,Quimbaya,63594,4,3,4
Córdoba,Chimá,23168,8,8,8
Córdoba,Chinú,23182,19,19,17
Córdoba,Ciénaga De Oro,23189,11,11,9
Córdoba,Cotorra,23300,4,4,3
Magdalena,Plato,47555,285,259,254
Santander,Rionegro,68615,309,298,263
Putumayo,Valle Del Guamuez,86865,2228,2156,2032
Córdoba,Momil,23464,1,1,1
Bolívar,Córdoba,13212,302,281,272
Córdoba,Moñitos,23500,19,19,16
Cundinamarca,Une,25845,3,3,3
Valle Del Cauca,Sevilla,76736,99,92,84
Córdoba,Purísima,23586,3,3,3
Córdoba,Sahagún,23660,9,9,6
Córdoba,San Andrés Sotavento,23670,6,6,5
Córdoba,San Antero,23672,7,7,6
Córdoba,San Bernardo Del Viento,23675,19,18,17
Sucre,Corozal,70215,43,37,41
Córdoba,San Pelayo,23686,5,5,5
Santander,Matanza,68444,83,72,74
Córdoba,Tuchín,23815,3,2,1
Valle Del Cauca,Guadalajara De Buga,76111,250,235,228
Valle Del Cauca,Roldanillo,76622,47,45,42
Cundinamarca,Agua De Dios,25001,5,5,5
Cundinamarca,Albán,25019,15,15,13
Cundinamarca,Anapoima,25035,6,6,6
Cundinamarca,Anolaima,25040,11,11,7
Cundinamarca,Apulo,25599,11,11,10
Cundinamarca,Arbeláez,25053,74,58,58
Cundinamarca,Beltrán,25086,13,13,8
Cundinamarca,Bituima,25095,14,14,10
Cundinamarca,Cabrera,25120,34,33,32
Cundinamarca,Cachipay,25123,2,2,2
Cundinamarca,Cajicá,25126,5,5,3
Cundinamarca,Caparrapí,25148,84,83,75
Cundinamarca,Caqueza,25151,10,10,7
Cundinamarca,Carmen De Carupa,25154,1,1,1
Antioquia,Apartadó,5045,859,802,780
Cundinamarca,Chía,25175,13,13,8
Cundinamarca,Chipaque,25178,12,12,8
Cundinamarca,Choachí,25181,6,6,4
Cundinamarca,Chocontá,25183,1,1,1
Cundinamarca,Cogua,25200,1,1,1
Cundinamarca,Cota,25214,4,4,4
Cundinamarca,El Rosal,25260,1,1,1
Cundinamarca,Facatativá,25269,3,3,2
Cundinamarca,Fomeque,25279,10,10,8
Cundinamarca,Fosca,25281,10,10,6
Cundinamarca,Funza,25286,5,5,5
Cundinamarca,Fusagasugá,25290,42,39,32
Cundinamarca,Gachalá,25293,26,25,20
Cundinamarca,Gachetá,25297,5,5,4
Cundinamarca,Gama,25299,4,4,2
Cundinamarca,Girardot,25307,10,10,10
Cundinamarca,Granada,25312,12,12,10
Cundinamarca,Guachetá,25317,1,1,1
Cundinamarca,Guaduas,25320,32,28,22
Cundinamarca,Guasca,25322,5,4,5
Cundinamarca,Guataquí,25324,12,7,11
Cundinamarca,Guatavita,25326,1,1,0
Cundinamarca,Guayabal De Siquima,25328,21,21,20
Cundinamarca,Guayabetal,25335,29,24,18
Cundinamarca,Gutiérrez,25339,12,12,7
Cundinamarca,Jerusalén,25368,10,9,9
Cundinamarca,Junín,25372,10,9,6
Cundinamarca,La Calera,25377,5,5,3
Cundinamarca,La Mesa,25386,9,6,9
Cauca,Guachené,19300,11,11,11
Cundinamarca,La Peña,25398,34,33,31
Cundinamarca,La Vega,25402,5,4,3
Cundinamarca,Manta,25436,5,5,2
Cundinamarca,Medina,25438,194,188,143
Cundinamarca,Mosquera,25473,1,1,1
Cundinamarca,Nariño,25483,3,2,3
Cundinamarca,Nilo,25488,5,5,4
Cundinamarca,Nimaima,25489,10,10,9
Cundinamarca,Nocaima,25491,2,1,2
Valle Del Cauca,Cali,76001,440,401,362
Cundinamarca,Paime,25518,17,17,14
Cundinamarca,Pandi,25524,17,17,14
Cundinamarca,Pasca,25535,30,30,27
Cundinamarca,Puerto Salgar,25572,37,37,31
Cundinamarca,Pulí,25580,50,49,43
Cundinamarca,Quebradanegra,25592,8,8,8
Cundinamarca,Quetame,25594,7,7,7
Cundinamarca,Quipile,25596,71,70,42
Cundinamarca,Ricaurte,25612,5,5,3
Cundinamarca,San Antonio Del Tequendama,25645,2,2,2
Cundinamarca,San Bernardo,25649,16,16,11
Cundinamarca,San Cayetano,25653,12,6,12
Cundinamarca,San Francisco,25658,8,8,6
Cundinamarca,Sasaima,25718,27,23,25
Cundinamarca,Sesquilé,25736,5,4,3
Cundinamarca,Sibaté,25740,7,7,6
Cundinamarca,Silvania,25743,89,84,68
Cundinamarca,Simijaca,25745,3,3,3
Cundinamarca,Supatá,25777,2,2,2
Cundinamarca,Sutatausa,25781,2,2,2
Cundinamarca,Tabio,25785,1,0,1
Cundinamarca,Tena,25797,4,4,4
Cundinamarca,Tenjo,25799,3,3,2
Cundinamarca,Tibacuy,25805,29,28,24
Cundinamarca,Tocaima,25815,11,11,9
Cundinamarca,Tocancipá,25817,1,1,1
Cundinamarca,Topaipí,25823,71,68,58
Cundinamarca,Ubalá,25839,33,32,31
Cundinamarca,Ubaque,25841,8,8,5
Cundinamarca,Uutica,25851,6,6,4
Cundinamarca,Venecia,25506,53,50,45
Cundinamarca,Vergara,25862,22,20,20
Cundinamarca,Vianí,25867,8,8,7
Cundinamarca,Villagómez,25871,9,9,6
Cundinamarca,Villapinzón,25873,6,6,4
Cundinamarca,Villeta,25875,7,7,7
Meta,Puerto López,50573,299,226,248
Cundinamarca,Zipaquirá,25899,9,6,6
Córdoba,Lorica,23417,27,24,25
Guainía,Morichal,94888,1,1,1
Putumayo,Orito,86320,1274,1244,1211
Guainía,San Felipe,94883,3,3,3
Antioquia,Andes,5034,36,34,33
Tolima,Icononzo,73352,142,114,131
Huila,Agrado,41013,9,9,5
Boyacá,Cubará,15223,27,26,27
Huila,Altamira,41026,5,5,4
Antioquia,Turbo,5837,2890,2680,2516
Antioquia,Yolombó,5890,144,135,133
Huila,Elías,41244,2,2,1
Boyacá,Pisba,15550,11,11,10
Huila,Gigante,41306,102,96,97
Huila,Guadalupe,41319,41,40,38
Huila,Hobo,41349,19,19,18
Caquetá,Valparaíso,18860,323,296,298
Huila,La Argentina,41378,22,22,20
Cauca,El Tambo,19256,995,936,893
Cauca,Rosas,19622,160,150,153
Huila,Paicol,41518,4,4,4
Huila,Palermo,41524,52,51,50
Arauca,Arauquita,81065,458,423,410
Huila,Pitalito,41551,116,113,108
Huila,Rivera,41615,26,25,25
Huila,Saladoblanco,41660,47,40,46
Huila,San Agustín,41668,106,103,103
Huila,Santa María,41676,44,42,43
Huila,Tarqui,41791,9,9,9
Huila,Teruel,41801,16,14,15
Huila,Tesalia,41797,7,7,7
Huila,Timaná,41807,4,4,4
Huila,Villavieja,41872,43,39,40
Huila,Yaguará,41885,1,1,1
La Guajira,El Molino,44110,69,59,64
Córdoba,La Apartada,23350,21,21,16
La Guajira,La Jagua Del Pilar,44420,13,11,13
La Guajira,Maicao,44430,73,68,63
La Guajira,Manaure,44560,1,1,1
La Guajira,Uribia,44847,3,3,3
La Guajira,Urumita,44855,30,29,26
Tolima,Ortega,73504,330,307,277
Magdalena,Cerro San Antonio,47161,20,20,18
San Andrés,San Andrés,88001,3,3,2
Valle Del Cauca,Obando,76497,36,27,35
Magdalena,Concordia,47205,5,5,5
Bolívar,Mahates,13433,50,48,47
Nariño,Tumaco,52835,2002,1836,1731
Magdalena,Guamal,47318,15,14,15
Magdalena,Pedraza,47541,14,14,14
Magdalena,Pijiño Del Carmen,47545,30,26,22
Caquetá,Solita,18785,156,154,148
Magdalena,Puebloviejo,47570,292,233,267
Magdalena,Remolino,47605,746,729,658
Magdalena,Salamina,47675,142,133,137
Magdalena,San Sebastián De Buenavista,47692,14,13,13
Magdalena,San Zenón,47703,7,7,5
Magdalena,Santa Ana,47707,139,125,123
Magdalena,Santa Bárbara De Pinto,47720,6,5,4
Valle Del Cauca,La Cumbre,76377,59,56,51
Valle Del Cauca,Yumbo,76892,12,11,11
Córdoba,Montelíbano,23466,347,302,292
Magdalena,Zapayán,47960,46,30,37
Meta,Acacías,50006,303,290,247
Meta,Barranca De Upía,50110,37,33,35
Meta,Cabuyaro,50124,58,34,52
Meta,Castilla La Nueva,50150,13,13,12
Meta,Cubarral,50223,60,59,54
Meta,El Calvario,50245,34,34,26
Nariño,Los Andes,52418,612,597,517
Meta,Fuente De Oro,50287,126,88,100
Meta,Granada,50313,117,103,99
Meta,Guamal,50318,32,26,30
Sucre,Santiago De Tolú,70820,46,41,39
Nariño,Puerres,52573,14,12,14
Meta,Puerto Concordia,50450,263,248,238
Magdalena,Fundación,47288,455,376,416
Caquetá,San Vicente Del Caguán,18753,1148,1034,1044
Tolima,Natagaima,73483,321,263,275
Meta,San Carlos De Guaroa,50680,24,23,23
Meta,San Juanito,50686,19,17,13
Meta,San Martín,50689,278,252,210
Santander,Onzaga,68502,8,8,8
Nariño,Aldana,52022,3,3,2
Nariño,Ancuyá,52036,21,18,20
Nariño,Arboleda,52051,4,4,2
Nariño,Belén,52083,19,19,19
Nariño,Chachagüí,52240,5,5,5
Nariño,Colón,52203,76,74,71
Nariño,Consaca,52207,24,23,21
Nariño,Contadero,52210,3,3,3
Nariño,Córdoba,52215,9,9,8
Nariño,Cuaspud,52224,3,3,3
Nariño,Cumbal,52227,54,52,41
Santander,Enciso,68266,6,5,5
Santander,El Playón,68255,171,164,146
Nariño,El Peñol,52254,23,23,19
Nariño,El Tambo,52260,29,29,23
Nariño,Funes,52287,14,12,13
Nariño,Guachucal,52317,3,3,2
Nariño,Guaitarilla,52320,7,6,6
Nariño,Iles,52352,1,1,1
Nariño,La Cruz,52378,39,35,33
Nariño,La Florida,52381,28,26,27
Nariño,La Llanada,52385,95,93,90
Nariño,La Tola,52390,35,34,33
Tolima,Roncesvalles,73622,175,165,160
Antioquia,San Roque,5670,261,242,239
Nariño,Linares,52411,45,45,42
Nariño,Magüi,52427,154,140,134
Córdoba,Los Córdobas,23419,43,41,40
Nariño,Mosquera,52473,52,39,47
Córdoba,Tierralta,23807,1321,1249,1185
Magdalena,Ariguaní,47058,115,100,106
Nariño,Potosí,52560,13,12,12
Nariño,Nariño,52480,4,4,4
Nariño,Pupiales,52585,1,1,1
Tolima,Ibagué,73001,373,342,334
Cauca,Guapí,19318,128,120,97
Nariño,Roberto Payán,52621,192,182,153
Nariño,San Bernardo,52685,11,10,11
Guainía,Puerto Colombia,94884,4,4,4
Nariño,San Pablo,52693,86,86,73
Nariño,San Pedro De Cartago,52694,7,7,5
Nariño,Sandoná,52683,17,17,16
Santander,Macaravita,68425,61,61,53
Nariño,Taminango,52786,20,20,14
Nariño,Túquerres,52838,7,7,6
Nariño,Yacuanquer,52885,2,2,2
Norte Santander,Arboledas,54051,84,79,64
Norte Santander,Bochalema,54099,6,6,5
Norte Santander,Bucarasica,54109,33,32,28
Norte Santander,Cachirá,54128,81,75,75
Norte Santander,Chinácota,54172,7,7,7
Cesar,El Copey,20238,747,694,648
Amazonas,Puerto Arica,91536,5,5,2
Norte Santander,Cucutilla,54223,18,18,14
Norte Santander,Durania,54239,11,10,11
Norte Santander,El Carmen,54245,191,179,154
Bolívar,Hatillo De Loba,13300,35,35,35
Cauca,Inzá,19355,102,98,100
Norte Santander,Gramalote,54313,3,3,3
Antioquia,Guadalupe,5315,11,11,9
Norte Santander,Herrán,54347,2,2,2
Norte Santander,La Playa,54398,33,32,32
Norte Santander,Labateca,54377,8,8,6
Norte Santander,Los Patios,54405,40,40,34
Norte Santander,Lourdes,54418,4,2,4
Norte Santander,Ocaña,54498,253,233,233
Norte Santander,Pamplona,54518,9,9,6
Norte Santander,Pamplonita,54520,3,3,2
Norte Santander,Ragonvalia,54599,13,12,9
Norte Santander,Salazar,54660,27,25,25
Antioquia,Cocorná,5197,340,299,297
Norte Santander,San Cayetano,54673,7,7,7
Norte Santander,Santiago,54680,11,8,9
Norte Santander,Silos,54743,2,2,2
Risaralda,Pereira,66001,72,68,63
Magdalena,Sitionuevo,47745,593,466,500
Norte Santander,Villa Caro,54871,1,1,1
Norte Santander,Villa Del Rosario,54874,67,66,58
Putumayo,Colón,86219,8,8,6
Casanare,Trinidad,85430,104,92,77
Huila,Acevedo,41006,124,123,118
Putumayo,San Francisco,86755,68,67,66
Putumayo,Santiago,86760,125,125,119
Putumayo,Sibundoy,86749,10,9,9
Quindío,Armenia,63001,41,41,30
Quindío,Buenavista,63111,2,2,2
Quindío,Calarcá,63130,32,29,30
Quindío,Circasia,63190,7,7,6
Quindío,Córdoba,63212,21,19,20
Quindío,Filandia,63272,2,2,2
Quindío,Génova,63302,41,40,34
Quindío,La Tebaida,63401,11,11,8
Quindío,Montenegro,63470,7,7,6
Santander,Santa Helena Del Opón,68720,27,26,26
Quindío,Salento,63690,9,9,8
Risaralda,Apía,66045,45,44,36
Risaralda,Balboa,66075,7,7,5
Risaralda,Belén De Umbría,66088,60,59,51
Risaralda,Dosquebradas,66170,28,27,25
Risaralda,Guática,66318,77,76,56
Risaralda,La Celia,66383,34,33,31
Risaralda,La Virginia,66400,6,6,6
Risaralda,Marsella,66440,15,15,15
Risaralda,Mistrató,66456,118,112,99
Risaralda,Santa Rosa De Cabal,66682,11,11,10
Risaralda,Santuario,66687,63,58,55
Antioquia,Abriaquí,5004,19,16,17
Santander,Aguada,68013,6,6,5
Santander,Albania,68020,15,13,12
Santander,Aratoca,68051,1,1,1
Cauca,Cajibío,19130,1021,1001,969
Santander,Betulia,68092,123,115,111
Antioquia,Amalfi,5031,136,132,119
Santander,Lebríja,68406,190,177,165
Santander,Cabrera,68121,1,1,1
Santander,Carcasí,68152,3,3,3
Santander,Cepitá,68160,3,3,1
Santander,Cerrito,68162,11,11,10
Santander,Charalá,68167,14,13,13
Antioquia,Puerto Nare,5585,69,68,57
Santander,Chima,68176,13,13,12
Santander,Chipatá,68179,2,2,2
Santander,Concepción,68207,28,23,22
Santander,Confines,68209,1,1,1
Santander,Contratación,68211,4,4,1
Santander,Coromoro,68217,10,10,9
Santander,Curití,68229,1,1,0
Huila,Suaza,41770,36,34,36
Vichada,Cumaribo,99773,1127,1093,1017
Santander,El Guacamayo,68245,3,3,3
Santander,El Peñón,68250,113,110,103
Putumayo,Puerto Leguízamo,86573,601,578,558
Santander,Encino,68264,4,4,3
Santander,Florián,68271,7,7,7
Santander,Floridablanca,68276,25,25,19
Santander,Galán,68296,8,8,8
Santander,Gambita,68298,7,7,6
Santander,Girón,68307,118,112,97
Santander,Guadalupe,68320,2,2,2
Santander,Guavatá,68324,4,4,3
Santander,Guouepsa,68327,1,1,1
Santander,Hato,68344,11,11,9
Santander,Jesús María,68368,6,6,4
Antioquia,Salgar,5642,112,106,99
Santander,La Paz,68397,15,10,15
Santander,Los Santos,68418,5,2,5
Santander,Málaga,68432,11,10,11
Caquetá,Puerto Rico,18592,656,622,606
Santander,Mogotes,68464,12,11,12
Vichada,Puerto Carreño,99001,93,88,89
Santander,Oiba,68500,8,8,7
Antioquia,Segovia,5736,162,158,145
Santander,Páramo,68533,1,1,1
Santander,Puente Nacional,68572,5,4,5
Cundinamarca,Soacha,25754,61,57,58
Antioquia,Carepa,5147,279,266,250
Meta,Cumaral,50226,35,27,32
Santander,San Benito,68673,2,2,2
Santander,San Gil,68679,4,4,4
Santander,San Joaquín,68682,4,4,3
Santander,San José De Miranda,68684,1,1,1
Santander,San Miguel,68686,26,22,26
Santander,Santa Bárbara,68705,3,3,2
Santander,Piedecuesta,68547,35,32,33
Santander,Socorro,68755,2,1,2
Santander,Sucre,68773,36,34,34
Santander,Suratá,68780,43,41,34
Santander,Tona,68820,9,3,8
Santander,Valle De San José,68855,1,1,1
Santander,Vélez,68861,24,22,19
Santander,Villanueva,68872,2,2,2
Santander,Zapatoca,68895,45,42,41
Cesar,Manaure,20443,75,67,70
Sucre,Caimito,70124,5,5,5
Sucre,Los Palmitos,70418,186,175,162
Nariño,San Lorenzo,52687,41,37,39
Sucre,El Roble,70233,35,33,34
Valle Del Cauca,Jamundí,76364,344,324,296
Sucre,Guaranda,70265,38,36,31
Sucre,La Unión,70400,5,5,5
Tolima,Planadas,73555,476,439,430
Sucre,Majagual,70429,92,88,88
Nariño,Policarpa,52540,656,647,541
Norte Santander,Puerto Santander,54553,10,9,10
Sucre,Sampués,70670,11,11,9
Antioquia,Copacabana,5212,23,20,23
Sucre,San Juan De Betulia,70702,20,20,18
Sucre,San Marcos,70708,34,32,28
Caquetá,Belén De Los Andaquies,18094,184,179,173
Tolima,Rioblanco,73616,890,780,774
Sucre,Sincé,70742,47,46,42
Norte Santander,Abrego,54003,284,252,255
Sucre,Tolú Viejo,70823,141,135,126
Tolima,Alpujarra,73024,48,39,39
Tolima,Ambalema,73030,79,57,72
Tolima,Anzoátegui,73043,187,155,174
Tolima,Cajamarca,73124,85,55,76
Tolima,Carmen De Apicalá,73148,3,3,3
Tolima,Coello,73200,3,3,3
Tolima,Coyaima,73217,357,312,242
Tolima,Cunday,73226,154,147,140
Tolima,Dolores,73236,222,184,183
Tolima,Espinal,73268,3,3,2
Tolima,Falán,73270,45,45,43
Tolima,Flandes,73275,5,5,3
Tolima,Fresno,73283,84,79,73
Tolima,Guamo,73319,17,17,14
Tolima,Herveo,73347,62,60,56
Tolima,Honda,73349,18,7,15
Antioquia,Arboletes,5051,648,618,542
Tolima,Murillo,73461,40,33,38
Norte Santander,Hacarí,54344,88,84,76
Tolima,Palocabildo,73520,53,52,49
Córdoba,Canalete,23090,133,118,127
Vaupés,Mitú,97001,80,78,72
Tolima,Piedras,73547,30,28,26
Tolima,Saldaña,73671,20,20,11
Antioquia,Granada,5313,1359,1347,1051
Tolima,San Luis,73678,88,75,82
Tolima,Santa Isabel,73686,52,51,47
Tolima,Suárez,73770,21,21,7
Tolima,Valle De San Juan,73854,198,179,160
Tolima,Venadillo,73861,152,146,137
Tolima,Villahermosa,73870,167,163,149
Tolima,Villarrica,73873,166,158,140
Valle Del Cauca,Alcalá,76020,9,9,9
Valle Del Cauca,Andalucía,76036,17,16,14
Valle Del Cauca,Ansermanuevo,76041,16,15,15
Valle Del Cauca,Argelia,76054,7,7,7
Valle Del Cauca,Bugalagrande,76113,369,299,294
Valle Del Cauca,Caicedonia,76122,8,8,6
Valle Del Cauca,Candelaria,76130,11,10,11
Valle Del Cauca,Cartago,76147,30,30,26
Valle Del Cauca,El Aguila,76243,30,30,30
Valle Del Cauca,El Cairo,76246,50,43,42
Valle Del Cauca,El Cerrito,76248,37,37,33
Valle Del Cauca,El Dovio,76250,159,150,132
Valle Del Cauca,Florida,76275,85,84,71
Valle Del Cauca,Ginebra,76306,58,55,46
Valle Del Cauca,Guacarí,76318,21,19,20
La Guajira,Dibulla,44090,359,346,313
Antioquia,Sabanalarga,5628,44,44,39
Bolívar,María La Baja,13442,507,477,443
Valle Del Cauca,La Victoria,76403,5,4,5
Cesar,San Alberto,20710,537,487,444
Boyacá,Chita,15183,28,28,26
Valle Del Cauca,Palmira,76520,142,138,133
Valle Del Cauca,Pradera,76563,145,132,131
Valle Del Cauca,Restrepo,76606,28,21,26
Valle Del Cauca,Riofrío,76616,173,163,129
Atlántico,Soledad,8758,30,30,29
Valle Del Cauca,San Pedro,76670,82,74,74
Santander,Sabana De Torres,68655,639,577,514
Valle Del Cauca,Toro,76823,16,16,16
Antioquia,Sonsón,5756,580,427,492
Bolívar,Morales,13473,251,246,245
Valle Del Cauca,Ulloa,76845,8,3,7
Valle Del Cauca,Versalles,76863,18,17,16
Valle Del Cauca,Vijes,76869,18,17,17
Valle Del Cauca,Yotoco,76890,19,19,17
Antioquia,Nechí,5495,432,417,398
Valle Del Cauca,Zarzal,76895,26,26,23
Valle Del Cauca,Dagua,76233,360,346,303
Vaupés,Pacoa,97511,13,13,13
Vaupés,Taraira,97666,2,2,2
Vaupés,Yavaraté,97889,1,1,1
Huila,La Plata,41396,126,123,117
Norte Santander,Convención,54206,139,133,120
Bolívar,Turbaná,13838,50,46,36
Santander,Simacota,68745,324,315,276
Cauca,Buenos Aires,19110,210,202,198
Bolívar,Arenal,13042,145,140,140
Nariño,El Tablón De Gómez,52258,1341,1328,1182
Santander,La Belleza,68377,21,20,21
Cauca,Suárez,19780,139,137,132
Bogotá D.C.,Bogotá,11001,419,388,375
Nariño,Tangua,52788,220,204,181
Chocó,Riosucio,27615,1582,1437,1374
Antioquia,San Pedro de Urabá,5665,479,443,382
La Guajira,Distracción,44098,65,58,55
Cauca,Patía,19532,306,293,287
Arauca,Saravena,81736,215,207,182
Meta,Puerto Gaitán,50568,708,628,583
Meta,Mesetas,50330,579,545,506
Antioquia,San Andrés,5647,76,61,66
Nariño,Cumbitara,52233,249,238,216
Antioquia,Anorí,5040,143,134,128
Norte Santander,Cúcuta,54001,774,742,674
Bolívar,Norosí,13490,38,36,37
Norte Santander,La Esperanza,54385,171,152,140
Casanare,Villanueva,85440,45,44,35
Cesar,Becerril,20045,613,502,555
Santander,Barrancabermeja,68081,890,868,785
Antioquia,San Vicente,5674,24,23,23
Antioquia,Remedios,5604,278,272,215
Cundinamarca,San Juan De Río Seco,25662,56,53,43
Cauca,Paez,19517,172,166,160
Antioquia,Ituango,5361,412,370,354
Meta,Puerto Lleras,50577,461,404,392
Nariño,Ipiales,52356,291,282,254
Santander,Charta,68169,23,20,22
Tolima,Líbano,73411,512,462,427
Cesar,Chiriguaná,20178,276,230,252
Tolima,Lérida,73408,208,196,173
Antioquia,Vegachí,5858,122,104,103
Cauca,Puracé,19585,101,100,84
Sucre,Palmito,70523,15,13,15
Antioquia,Tarso,5792,18,12,17
La Guajira,Hatonuevo,44378,24,24,23
Cauca,Timbío,19807,215,183,201
Bolívar,San Pablo,13670,391,367,336
La Guajira,Barrancas,44078,157,152,150
Meta,Puerto Rico,50590,794,739,726
Cundinamarca,Villa De San Diego De Ubaté,25843,4,4,4
Cauca,Santa Rosa,19701,434,416,398
Antioquia,San Francisco,5652,237,223,212
Cauca,Piamonte,19533,493,483,469
Arauca,Fortul,81300,74,72,71
Huila,Algeciras,41020,274,255,257
Santander,Suaita,68770,20,20,19
Cauca,Bolívar,19100,359,349,299
Santander,Capitanejo,68147,11,10,11
Huila,Pital,41548,4,4,4
Guainía,Inírida,94001,24,24,24
Cundinamarca,Paratebueno,25530,56,51,46
Caquetá,San José Del Fragua,18610,256,243,244
Chocó,Carmen del Darién,27150,133,122,111
Cesar,Agustín Codazzi,20013,763,618,638
Nariño,Olaya Herrera,52490,113,106,102
Guainía,Barranco Minas,94343,56,54,54
Antioquia,Briceño,5107,109,104,105
Caldas,Pensilvania,17541,515,490,440
Huila,Iquira,41357,82,79,78
Sucre,Galeras,70235,148,145,139
Sucre,San Pedro,70717,120,115,110
Caquetá,Milán,18460,229,219,207
Antioquia,Pueblorrico,5576,20,20,18
Meta,El Dorado,50270,270,213,230
Caquetá,Solano,18756,277,262,264
Bolívar,San Jacinto,13654,1274,1146,1075
Meta,Lejanías,50400,185,169,174
Valle Del Cauca,Tuluá,76834,609,517,518
Boyacá,Puerto Boyacá,15572,96,95,82
Antioquia,San Juan De Urabá,5659,39,38,35
Tolima,Mariquita,73443,62,61,59
Norte Santander,El Tarra,54250,211,196,193
Santander,Puerto Parra,68573,199,189,183
Santander,Puerto Wilches,68575,297,283,272
Córdoba,Cereté,23162,16,15,14
Córdoba,San Carlos,23678,9,9,8
Huila,Neiva,41001,249,240,232
Santander,Guaca,68318,14,14,12
Córdoba,Puerto Escondido,23574,43,35,35
Boyacá,Labranzagrande,15377,56,56,51
Huila,Colombia,41206,127,122,118
Arauca,Puerto Rondón,81591,79,75,75
Huila,Tello,41799,102,94,99
Nariño,Ricaurte,52612,147,130,113
Huila,Campoalegre,41132,61,55,56
Huila,Garzón,41298,118,99,108
Magdalena,Santa Marta,47001,701,639,648
Casanare,Paz De Ariporo,85250,124,114,115
Chocó,Nóvita,27491,58,56,51
Nariño,Samaniego,52678,127,120,113
Huila,Aipe,41016,35,35,34
Chocó,San José Del Palmar,27660,212,202,181
Antioquia,Zaragoza,5895,272,268,234
Caldas,Aranzazu,17050,10,10,8
Nariño,Santacruz,52699,100,90,83
Bolívar,San Jacinto Del Cauca,13655,63,59,57
Antioquia,Tarazá,5790,666,637,629
Valle Del Cauca,Calima,76126,130,111,124
Magdalena,Pivijay,47551,835,584,768
Valle Del Cauca,Trujillo,76828,380,352,317
Sucre,San Onofre,70713,398,366,345
Meta,La Macarena,50350,624,610,574
Putumayo,Villa Garzón,86885,777,749,695
Norte Santander,El Zulia,54261,257,235,212
Norte Santander,Chitagá,54174,67,64,52
Huila,Baraya,41078,258,248,224
Cauca,Popayán,19001,489,467,468
Córdoba,Pueblo Nuevo,23570,376,353,314
Cauca,San Sebastián,19693,78,65,75
Guaviare,Miraflores,95200,886,859,789
Casanare,Hato Corozal,85125,158,147,146
Magdalena,El Piñon,47258,181,181,160
Santander,San Vicente De Chucurí,68689,408,391,364
Antioquia,Toledo,5819,34,34,31
Magdalena,Zona Bananera,47980,540,350,513
Guaviare,El Retorno,95025,289,277,260
Antioquia,Yarumal,5887,109,101,93
La Guajira,Fonseca,44279,51,49,49
Guainía,Cacahual,94886,1,1,1
Sucre,Coloso,70204,272,215,238
Caldas,Manizales,17001,55,54,52
Magdalena,Sabanas de San Ángel,47660,548,499,490
Amazonas,Puerto Alegría,91530,7,7,6
Nariño,El Rosario,52256,469,459,406
Santander,Bolívar,68101,117,116,103
Caquetá,Albania,18029,45,45,44
Magdalena,Algarrobo,47030,42,42,38
Caldas,Samaná,17662,1237,1099,1098
Cundinamarca,Viotá,25878,165,157,146
Córdoba,Planeta Rica,23555,60,58,48
Cesar,La Jagua De Ibirico,20400,689,616,609
Nariño,Santa Bárbara,52696,463,435,415
Caquetá,Florencia,18001,703,654,619
Sucre,Chalán,70230,165,112,150
Putumayo,Puerto Asís,86568,1094,1057,1029
Cauca,Morales,19473,468,463,463
Chocó,Medio Atrato,27425,51,42,43
Magdalena,Ciénaga,47189,992,858,905
Meta,Uribe,50370,568,530,504
Huila,Oporapa,41503,19,18,19
Putumayo,Puerto Guzmán,86571,1638,1575,1538
Vaupés,Carurú,97161,62,62,58
Risaralda,Pueblo Rico,66572,362,330,294
Casanare,Yopal,85001,187,169,179
Chocó,Alto Baudó,27025,32,31,32
Antioquia,Yondó,5893,310,295,269
Nariño,Pasto,52001,504,462,412
Bolívar,Zambrano,13894,409,385,354
Antioquia,Dabeiba,5234,647,556,534
Antioquia,Retiro,5607,18,18,15
Cesar,Curumaní,20228,443,391,394
Valle Del Cauca,Buenaventura,76109,1119,1065,918
Santander,Landázuri,68385,156,150,140
Antioquia,Frontino,5284,200,166,179
Cundinamarca,El Peñón,25258,78,78,67
Cauca,Almaguer,19022,119,110,107
Antioquia,San Carlos,5649,2031,1935,1673
Nariño,Leiva,52405,165,161,152
Antioquia,Argelia,5055,444,358,382
Bolívar,Simití,13744,254,231,202
Chocó,Bojayá,27099,76,73,71
Sucre,Sincelejo,70001,90,75,89
Bolívar,Cantagallo,13160,137,127,123
Arauca,Tame,81794,586,556,527
Antioquia,San Rafael,5667,297,260,249
Atlántico,Tubará,8832,78,60,71
Cundinamarca,La Palma,25394,1028,892,782
Boyacá,Maripí,15442,12,8,7
Sucre,Sucre,70771,69,69,61
Magdalena,Nueva Granada,47460,33,29,29
Cauca,Balboa,19075,175,168,165
Cundinamarca,El Colegio,25245,11,11,8
Meta,El Castillo,50251,586,489,506
Arauca,Arauca,81001,173,162,163
Santander,Cimitarra,68190,453,432,391
Bolívar,Villanueva,13873,126,113,111
Guainía,Mapiripana,94663,19,16,15
Cauca,La Sierra,19392,113,103,109
Vichada,Santa Rosalía,99624,61,60,52
Valle Del Cauca,Bolívar,76100,346,334,309
Meta,San Juan De Arama,50683,233,217,212
Atlántico,Malambo,8433,13,13,12
Sucre,Ovejas,70508,1061,827,962
Huila,Nátaga,41483,50,35,47
Boyacá,Páez,15514,87,80,80
La Guajira,Albania,44035,30,29,28
Cauca,Caldono,19137,75,70,69
Cauca,Mercaderes,19450,218,216,208
Guaviare,Calamar,95015,217,212,198
Huila,Isnos,41359,82,76,77
Cundinamarca,Chaguaní,25168,93,91,54
Nariño,Buesaco,52110,93,92,81
Bolívar,Calamar,13140,130,116,124
Bolívar,San Juan Nepomuceno,13657,664,632,573
Amazonas,Leticia,91001,9,9,9
Boyacá,Paya,15533,41,38,38
Sucre,San Benito Abad,70678,112,92,94
Tolima,Prado,73563,166,160,145
Antioquia,Ciudad Bolívar,5101,62,61,46
La Guajira,San Juan Del Cesar,44650,81,78,76
Cesar,Pailitas,20517,440,400,373
Bolívar,Mompós,13468,18,18,17
Cundinamarca,Yacopí,25885,358,328,297
Norte Santander,Teorama,54800,114,105,100
Quindío,Pijao,63548,10,10,10
Antioquia,El Bagre,5250,1012,966,936
Arauca,Cravo Norte,81220,90,88,75
Nariño,Albán,52019,225,224,187
Nariño,Francisco Pizarro,52520,55,46,43
Nariño,Barbacoas,52079,326,308,286
Cesar,Valledupar,20001,1402,1226,1229
Córdoba,Valencia,23855,1153,1056,1026
